{
  "version": 1,
  "author": "User",
  "editor": "wokwi",
  "parts": [
    { "type": "board-esp32-devkit-c-v4", "id": "esp", "top": 0, "left": 0, "attrs": {} },
    {
      "type": "wokwi-potentiometer",
      "id": "pot1",
      "top": -97.3,
      "left": 9.4,
      "attrs": { "max": "4095" }
    },
    {
      "type": "wokwi-led",
      "id": "ledFan",
      "top": -51.6,
      "left": 263,
      "attrs": { "color": "blue", "label": "FAN (PWM)" }
    },
    {
      "type": "wokwi-led",
      "id": "ledFault",
      "top": 6,
      "left": 234.2,
      "attrs": { "color": "red", "label": "FAULT" }
    },
    {
      "type": "wokwi-buzzer",
      "id": "buzz1",
      "top": 60,
      "left": 213,
      "attrs": { "volume": "0.1" }
    },
    { "type": "wokwi-resistor", "id": "r1", "top": -50, "left": 170, "attrs": { "value": "220" } },
    { "type": "wokwi-resistor", "id": "r2", "top": -20, "left": 170, "attrs": { "value": "220" } }
  ],
  "connections": [
    [ "esp:TX", "$serialMonitor:RX", "", [] ],
    [ "esp:RX", "$serialMonitor:TX", "", [] ],
    [ "pot1:GND", "esp:GND.1", "black", [] ],
    [ "pot1:VCC", "esp:3V3", "red", [] ],
    [ "pot1:SIG", "esp:34", "green", [] ],
    [ "esp:2", "r1:1", "blue", [] ],
    [ "r1:2", "ledFan:A", "blue", [] ],
    [ "ledFan:C", "esp:GND.2", "black", [] ],
    [ "esp:4", "r2:1", "red", [] ],
    [ "r2:2", "ledFault:A", "red", [] ],
    [ "ledFault:C", "esp:GND.2", "black", [] ],
    [ "esp:5", "buzz1:2", "purple", [] ],
    [ "buzz1:1", "esp:GND.2", "black", [] ]
  ],
  "dependencies": {}
}